institution,accession_number,object_title,capture_date,phone_model,original_filename,shot_number,shot_type,notes,permission_status
Art Institute of Chicago,,,,,,01,label-reference,,unconfirmed
Art Institute of Chicago,,,,,,02,whole-front-medium,,unconfirmed
Art Institute of Chicago,,,,,,03,whole-front-far,,unconfirmed
Art Institute of Chicago,,,,,,04,whole-front-tight,,unconfirmed
Art Institute of Chicago,,,,,,05,region1-front,,unconfirmed
Art Institute of Chicago,,,,,,06,region1-oblique,,unconfirmed
Art Institute of Chicago,,,,,,07,region2-front,,unconfirmed
Art Institute of Chicago,,,,,,08,region2-oblique,,unconfirmed
Art Institute of Chicago,,,,,,09,region3-front,,unconfirmed
Art Institute of Chicago,,,,,,10,region3-oblique,,unconfirmed
Art Institute of Chicago,,,,,,11,whole-left,,unconfirmed
Art Institute of Chicago,,,,,,12,whole-right,,unconfirmed
